"cid","site","burnt","N","juv","mat","scale","heterogen"
468,"InitialPointBurn",1,0,0,0,"Scale_1",25.8638172149658
468,"InitialPointBurn",1,0,0,0,"Scale_2",16.757682800293
468,"InitialPointBurn",1,0,0,0,"Scale_3",81.4038391113281
468,"InitialPointBurn",1,0,0,0,"Scale_4",70.0429840087891
468,"InitialPointBurn",1,0,0,0,"Scale_5",38.0985717773438
468,"InitialPointBurn",1,0,0,0,"Scale_6",24.9799327850342
468,"InitialPointBurn",1,0,0,0,"Scale_7",9.79988288879395
468,"InitialPointBurn",1,0,0,0,"Scale_8",3.14975666999817
468,"InitialPointBurn",1,0,0,0,"Scale_9",1.1103847026825
418,"InitialPointBurn",1,0,0,0,"Scale_1",4.97619390487671
418,"InitialPointBurn",1,0,0,0,"Scale_2",25.2604732513428
418,"InitialPointBurn",1,0,0,0,"Scale_3",29.7963104248047
418,"InitialPointBurn",1,0,0,0,"Scale_4",69.8108367919922
418,"InitialPointBurn",1,0,0,0,"Scale_5",56.398796081543
418,"InitialPointBurn",1,0,0,0,"Scale_6",38.4495048522949
418,"InitialPointBurn",1,0,0,0,"Scale_7",15.0263872146606
418,"InitialPointBurn",1,0,0,0,"Scale_8",4.50203847885132
418,"InitialPointBurn",1,0,0,0,"Scale_9",1.36374616622925
370,"InitialPointBurn",0,48,27,21,"Scale_1",4351.283203125
370,"InitialPointBurn",0,48,27,21,"Scale_2",14059.23046875
370,"InitialPointBurn",0,48,27,21,"Scale_3",15671.43359375
370,"InitialPointBurn",0,48,27,21,"Scale_4",15077.578125
370,"InitialPointBurn",0,48,27,21,"Scale_5",8403.44921875
370,"InitialPointBurn",0,48,27,21,"Scale_6",3811.0908203125
370,"InitialPointBurn",0,48,27,21,"Scale_7",1516.63806152344
370,"InitialPointBurn",0,48,27,21,"Scale_8",633.858154296875
370,"InitialPointBurn",0,48,27,21,"Scale_9",322.215545654297
337,"InitialPointBurn",0,115,19,96,"Scale_1",1519.80603027344
337,"InitialPointBurn",0,115,19,96,"Scale_2",4746.28271484375
337,"InitialPointBurn",0,115,19,96,"Scale_3",9401.982421875
337,"InitialPointBurn",0,115,19,96,"Scale_4",7016.50634765625
337,"InitialPointBurn",0,115,19,96,"Scale_5",3718.03393554688
337,"InitialPointBurn",0,115,19,96,"Scale_6",1798.22387695312
337,"InitialPointBurn",0,115,19,96,"Scale_7",733.311828613281
337,"InitialPointBurn",0,115,19,96,"Scale_8",288.356353759766
337,"InitialPointBurn",0,115,19,96,"Scale_9",133.240295410156
209,"InitialPointBurn",1,0,0,0,"Scale_1",7.01645517349243
209,"InitialPointBurn",1,0,0,0,"Scale_2",15.3700008392334
209,"InitialPointBurn",1,0,0,0,"Scale_3",51.2457733154297
209,"InitialPointBurn",1,0,0,0,"Scale_4",118.394088745117
209,"InitialPointBurn",1,0,0,0,"Scale_5",108.086700439453
209,"InitialPointBurn",1,0,0,0,"Scale_6",76.0145645141602
209,"InitialPointBurn",1,0,0,0,"Scale_7",28.9409255981445
209,"InitialPointBurn",1,0,0,0,"Scale_8",8.60463619232178
209,"InitialPointBurn",1,0,0,0,"Scale_9",2.50180959701538
230,"InitialPointBurn",0,49,29,20,"Scale_1",1693.130859375
230,"InitialPointBurn",0,49,29,20,"Scale_2",7907.80908203125
230,"InitialPointBurn",0,49,29,20,"Scale_3",10793.169921875
230,"InitialPointBurn",0,49,29,20,"Scale_4",8364.421875
230,"InitialPointBurn",0,49,29,20,"Scale_5",5002.3779296875
230,"InitialPointBurn",0,49,29,20,"Scale_6",2245.05053710938
230,"InitialPointBurn",0,49,29,20,"Scale_7",832.153991699219
230,"InitialPointBurn",0,49,29,20,"Scale_8",356.827728271484
230,"InitialPointBurn",0,49,29,20,"Scale_9",156.528213500977
33,"InitialPointBurn",1,118,21,97,"Scale_1",7768.1103515625
33,"InitialPointBurn",1,118,21,97,"Scale_2",7358.32421875
33,"InitialPointBurn",1,118,21,97,"Scale_3",15813.171875
33,"InitialPointBurn",1,118,21,97,"Scale_4",8529.09375
33,"InitialPointBurn",1,118,21,97,"Scale_5",5668.97607421875
33,"InitialPointBurn",1,118,21,97,"Scale_6",2246.6123046875
33,"InitialPointBurn",1,118,21,97,"Scale_7",867.602661132812
33,"InitialPointBurn",1,118,21,97,"Scale_8",346.795196533203
33,"InitialPointBurn",1,118,21,97,"Scale_9",161.817413330078
478,"InitialPointBurn",0,48,46,2,"Scale_1",959.263854980469
478,"InitialPointBurn",0,48,46,2,"Scale_2",3091.166015625
478,"InitialPointBurn",0,48,46,2,"Scale_3",8026.45556640625
478,"InitialPointBurn",0,48,46,2,"Scale_4",12216.4169921875
478,"InitialPointBurn",0,48,46,2,"Scale_5",8787.6728515625
478,"InitialPointBurn",0,48,46,2,"Scale_6",4058.23217773438
478,"InitialPointBurn",0,48,46,2,"Scale_7",1764.50280761719
478,"InitialPointBurn",0,48,46,2,"Scale_8",748.680908203125
478,"InitialPointBurn",0,48,46,2,"Scale_9",427.6630859375
471,"InitialPointBurn",1,0,0,0,"Scale_1",51.5422248840332
471,"InitialPointBurn",1,0,0,0,"Scale_2",104.835540771484
471,"InitialPointBurn",1,0,0,0,"Scale_3",105.028678894043
471,"InitialPointBurn",1,0,0,0,"Scale_4",198.903656005859
471,"InitialPointBurn",1,0,0,0,"Scale_5",150.027740478516
471,"InitialPointBurn",1,0,0,0,"Scale_6",83.863151550293
471,"InitialPointBurn",1,0,0,0,"Scale_7",29.5395431518555
471,"InitialPointBurn",1,0,0,0,"Scale_8",8.62263965606689
471,"InitialPointBurn",1,0,0,0,"Scale_9",2.51137733459473
216,"InitialPointBurn",1,27,22,5,"Scale_1",468.159271240234
216,"InitialPointBurn",1,27,22,5,"Scale_2",653.407897949219
216,"InitialPointBurn",1,27,22,5,"Scale_3",984.680480957031
216,"InitialPointBurn",1,27,22,5,"Scale_4",1078.40405273438
216,"InitialPointBurn",1,27,22,5,"Scale_5",986.181213378906
216,"InitialPointBurn",1,27,22,5,"Scale_6",471.062774658203
216,"InitialPointBurn",1,27,22,5,"Scale_7",157.217895507812
216,"InitialPointBurn",1,27,22,5,"Scale_8",47.3885612487793
216,"InitialPointBurn",1,27,22,5,"Scale_9",15.750337600708
375,"InitialPointBurn",1,163,15,148,"Scale_1",1739.17065429688
375,"InitialPointBurn",1,163,15,148,"Scale_2",3048.15356445312
375,"InitialPointBurn",1,163,15,148,"Scale_3",5375.52490234375
375,"InitialPointBurn",1,163,15,148,"Scale_4",3293.55102539062
375,"InitialPointBurn",1,163,15,148,"Scale_5",2555.69067382812
375,"InitialPointBurn",1,163,15,148,"Scale_6",1209.31372070312
375,"InitialPointBurn",1,163,15,148,"Scale_7",388.835693359375
375,"InitialPointBurn",1,163,15,148,"Scale_8",156.920120239258
375,"InitialPointBurn",1,163,15,148,"Scale_9",68.2867736816406
66,"InitialPointBurn",1,75,18,57,"Scale_1",2811.498046875
66,"InitialPointBurn",1,75,18,57,"Scale_2",2840.57666015625
66,"InitialPointBurn",1,75,18,57,"Scale_3",4024.24658203125
66,"InitialPointBurn",1,75,18,57,"Scale_4",2776.27392578125
66,"InitialPointBurn",1,75,18,57,"Scale_5",1533.53356933594
66,"InitialPointBurn",1,75,18,57,"Scale_6",762.835266113281
66,"InitialPointBurn",1,75,18,57,"Scale_7",244.452209472656
66,"InitialPointBurn",1,75,18,57,"Scale_8",81.8547286987305
66,"InitialPointBurn",1,75,18,57,"Scale_9",28.7208786010742
45,"InitialPointBurn",1,99,41,58,"Scale_1",1204.7744140625
45,"InitialPointBurn",1,99,41,58,"Scale_2",928.710754394531
45,"InitialPointBurn",1,99,41,58,"Scale_3",2738.52856445312
45,"InitialPointBurn",1,99,41,58,"Scale_4",3115.60766601562
45,"InitialPointBurn",1,99,41,58,"Scale_5",1823.95825195312
45,"InitialPointBurn",1,99,41,58,"Scale_6",791.264892578125
45,"InitialPointBurn",1,99,41,58,"Scale_7",296.527374267578
45,"InitialPointBurn",1,99,41,58,"Scale_8",89.8855590820312
45,"InitialPointBurn",1,99,41,58,"Scale_9",33.060905456543
112,"InitialPointBurn",1,68,65,3,"Scale_1",142.800918579102
112,"InitialPointBurn",1,68,65,3,"Scale_2",456.296600341797
112,"InitialPointBurn",1,68,65,3,"Scale_3",322.639495849609
112,"InitialPointBurn",1,68,65,3,"Scale_4",472.878326416016
112,"InitialPointBurn",1,68,65,3,"Scale_5",350.7958984375
112,"InitialPointBurn",1,68,65,3,"Scale_6",172.904113769531
112,"InitialPointBurn",1,68,65,3,"Scale_7",60.9904098510742
112,"InitialPointBurn",1,68,65,3,"Scale_8",17.7766990661621
112,"InitialPointBurn",1,68,65,3,"Scale_9",5.12659883499146
148,"InitialPointBurn",1,28,8,20,"Scale_1",502.937866210938
148,"InitialPointBurn",1,28,8,20,"Scale_2",74.7681655883789
148,"InitialPointBurn",1,28,8,20,"Scale_3",42.5146369934082
148,"InitialPointBurn",1,28,8,20,"Scale_4",142.477905273438
148,"InitialPointBurn",1,28,8,20,"Scale_5",179.208419799805
148,"InitialPointBurn",1,28,8,20,"Scale_6",121.070777893066
148,"InitialPointBurn",1,28,8,20,"Scale_7",41.7456893920898
148,"InitialPointBurn",1,28,8,20,"Scale_8",12.6321563720703
148,"InitialPointBurn",1,28,8,20,"Scale_9",3.65522527694702
279,"InitialPointBurn",1,66,33,33,"Scale_1",322.986480712891
279,"InitialPointBurn",1,66,33,33,"Scale_2",385.609527587891
279,"InitialPointBurn",1,66,33,33,"Scale_3",822.563415527344
279,"InitialPointBurn",1,66,33,33,"Scale_4",1586.05798339844
279,"InitialPointBurn",1,66,33,33,"Scale_5",931.351867675781
279,"InitialPointBurn",1,66,33,33,"Scale_6",431.038818359375
279,"InitialPointBurn",1,66,33,33,"Scale_7",142.765151977539
279,"InitialPointBurn",1,66,33,33,"Scale_8",42.0720977783203
279,"InitialPointBurn",1,66,33,33,"Scale_9",12.537013053894
315,"InitialPointBurn",0,36,35,1,"Scale_1",2913.91235351562
315,"InitialPointBurn",0,36,35,1,"Scale_2",4748.6796875
315,"InitialPointBurn",0,36,35,1,"Scale_3",7014.93896484375
315,"InitialPointBurn",0,36,35,1,"Scale_4",8541.318359375
315,"InitialPointBurn",0,36,35,1,"Scale_5",4327.87890625
315,"InitialPointBurn",0,36,35,1,"Scale_6",2153.3564453125
315,"InitialPointBurn",0,36,35,1,"Scale_7",812.11572265625
315,"InitialPointBurn",0,36,35,1,"Scale_8",301.455413818359
315,"InitialPointBurn",0,36,35,1,"Scale_9",123.450469970703
143,"InitialPointBurn",0,37,37,0,"Scale_1",5971.31201171875
143,"InitialPointBurn",0,37,37,0,"Scale_2",7330.89013671875
143,"InitialPointBurn",0,37,37,0,"Scale_3",8377.1767578125
143,"InitialPointBurn",0,37,37,0,"Scale_4",10672.5244140625
143,"InitialPointBurn",0,37,37,0,"Scale_5",6477.53369140625
143,"InitialPointBurn",0,37,37,0,"Scale_6",3104.62036132812
143,"InitialPointBurn",0,37,37,0,"Scale_7",1305.43908691406
143,"InitialPointBurn",0,37,37,0,"Scale_8",532.389709472656
143,"InitialPointBurn",0,37,37,0,"Scale_9",254.612228393555
227,"InitialPointBurn",0,48,48,0,"Scale_1",653.243774414062
227,"InitialPointBurn",0,48,48,0,"Scale_2",4482.49609375
227,"InitialPointBurn",0,48,48,0,"Scale_3",7610.55419921875
227,"InitialPointBurn",0,48,48,0,"Scale_4",15000.1806640625
227,"InitialPointBurn",0,48,48,0,"Scale_5",9230.3623046875
227,"InitialPointBurn",0,48,48,0,"Scale_6",4396.275390625
227,"InitialPointBurn",0,48,48,0,"Scale_7",1862.37536621094
227,"InitialPointBurn",0,48,48,0,"Scale_8",805.709533691406
227,"InitialPointBurn",0,48,48,0,"Scale_9",462.302124023438
455,"InitialPointBurn",0,389,54,335,"Scale_1",862.3896484375
455,"InitialPointBurn",0,389,54,335,"Scale_2",6436.998046875
455,"InitialPointBurn",0,389,54,335,"Scale_3",3190.0263671875
455,"InitialPointBurn",0,389,54,335,"Scale_4",3730.33642578125
455,"InitialPointBurn",0,389,54,335,"Scale_5",1910.10510253906
455,"InitialPointBurn",0,389,54,335,"Scale_6",917.518371582031
455,"InitialPointBurn",0,389,54,335,"Scale_7",335.8837890625
455,"InitialPointBurn",0,389,54,335,"Scale_8",122.000160217285
455,"InitialPointBurn",0,389,54,335,"Scale_9",55.433219909668
190,"InitialPointBurn",1,4,2,2,"Scale_1",112.122428894043
190,"InitialPointBurn",1,4,2,2,"Scale_2",213.762649536133
190,"InitialPointBurn",1,4,2,2,"Scale_3",717.896545410156
190,"InitialPointBurn",1,4,2,2,"Scale_4",970.523864746094
190,"InitialPointBurn",1,4,2,2,"Scale_5",454.497863769531
190,"InitialPointBurn",1,4,2,2,"Scale_6",260.195983886719
190,"InitialPointBurn",1,4,2,2,"Scale_7",97.8423385620117
190,"InitialPointBurn",1,4,2,2,"Scale_8",37.8731346130371
190,"InitialPointBurn",1,4,2,2,"Scale_9",13.3634452819824
49,"InitialPointBurn",1,110,26,84,"Scale_1",80.1186370849609
49,"InitialPointBurn",1,110,26,84,"Scale_2",299.122253417969
49,"InitialPointBurn",1,110,26,84,"Scale_3",805.685485839844
49,"InitialPointBurn",1,110,26,84,"Scale_4",661.949340820312
49,"InitialPointBurn",1,110,26,84,"Scale_5",954.3427734375
49,"InitialPointBurn",1,110,26,84,"Scale_6",402.775604248047
49,"InitialPointBurn",1,110,26,84,"Scale_7",150.708374023438
49,"InitialPointBurn",1,110,26,84,"Scale_8",57.1051864624023
49,"InitialPointBurn",1,110,26,84,"Scale_9",21.1989059448242
433,"InitialPointBurn",1,260,19,241,"Scale_1",2253.74609375
433,"InitialPointBurn",1,260,19,241,"Scale_2",2811.48974609375
433,"InitialPointBurn",1,260,19,241,"Scale_3",5346.22314453125
433,"InitialPointBurn",1,260,19,241,"Scale_4",4633.96142578125
433,"InitialPointBurn",1,260,19,241,"Scale_5",2817.04467773438
433,"InitialPointBurn",1,260,19,241,"Scale_6",1344.2373046875
433,"InitialPointBurn",1,260,19,241,"Scale_7",528.24072265625
433,"InitialPointBurn",1,260,19,241,"Scale_8",180.544769287109
433,"InitialPointBurn",1,260,19,241,"Scale_9",81.385009765625
158,"InitialPointBurn",1,3,3,0,"Scale_1",94.494514465332
158,"InitialPointBurn",1,3,3,0,"Scale_2",228.709136962891
158,"InitialPointBurn",1,3,3,0,"Scale_3",297.402038574219
158,"InitialPointBurn",1,3,3,0,"Scale_4",207.697540283203
158,"InitialPointBurn",1,3,3,0,"Scale_5",146.56330871582
158,"InitialPointBurn",1,3,3,0,"Scale_6",75.3184280395508
158,"InitialPointBurn",1,3,3,0,"Scale_7",34.8661575317383
158,"InitialPointBurn",1,3,3,0,"Scale_8",9.9351806640625
158,"InitialPointBurn",1,3,3,0,"Scale_9",3.16913247108459
54,"InitialPointBurn",1,0,0,0,"Scale_1",39.605541229248
54,"InitialPointBurn",1,0,0,0,"Scale_2",17.6518707275391
54,"InitialPointBurn",1,0,0,0,"Scale_3",80.4819717407227
54,"InitialPointBurn",1,0,0,0,"Scale_4",160.398651123047
54,"InitialPointBurn",1,0,0,0,"Scale_5",136.993072509766
54,"InitialPointBurn",1,0,0,0,"Scale_6",76.1227569580078
54,"InitialPointBurn",1,0,0,0,"Scale_7",28.5913505554199
54,"InitialPointBurn",1,0,0,0,"Scale_8",8.42091274261475
54,"InitialPointBurn",1,0,0,0,"Scale_9",2.41071939468384
268,"InitialPointBurn",1,1,1,0,"Scale_1",2.30233073234558
268,"InitialPointBurn",1,1,1,0,"Scale_2",14.2214307785034
268,"InitialPointBurn",1,1,1,0,"Scale_3",24.9206867218018
268,"InitialPointBurn",1,1,1,0,"Scale_4",79.3764266967773
268,"InitialPointBurn",1,1,1,0,"Scale_5",78.1985549926758
268,"InitialPointBurn",1,1,1,0,"Scale_6",52.5938415527344
268,"InitialPointBurn",1,1,1,0,"Scale_7",22.0556106567383
268,"InitialPointBurn",1,1,1,0,"Scale_8",6.8433723449707
268,"InitialPointBurn",1,1,1,0,"Scale_9",1.99773812294006
464,"InitialPointBurn",1,224,84,140,"Scale_1",213.014587402344
464,"InitialPointBurn",1,224,84,140,"Scale_2",537.79833984375
464,"InitialPointBurn",1,224,84,140,"Scale_3",368.999420166016
464,"InitialPointBurn",1,224,84,140,"Scale_4",674.924194335938
464,"InitialPointBurn",1,224,84,140,"Scale_5",425.443115234375
464,"InitialPointBurn",1,224,84,140,"Scale_6",272.890228271484
464,"InitialPointBurn",1,224,84,140,"Scale_7",102.682174682617
464,"InitialPointBurn",1,224,84,140,"Scale_8",29.4043006896973
464,"InitialPointBurn",1,224,84,140,"Scale_9",8.64762878417969
438,"InitialPointBurn",1,15,6,9,"Scale_1",144.320770263672
438,"InitialPointBurn",1,15,6,9,"Scale_2",217.999389648438
438,"InitialPointBurn",1,15,6,9,"Scale_3",675.287170410156
438,"InitialPointBurn",1,15,6,9,"Scale_4",372.773864746094
438,"InitialPointBurn",1,15,6,9,"Scale_5",193.921020507812
438,"InitialPointBurn",1,15,6,9,"Scale_6",99.7344436645508
438,"InitialPointBurn",1,15,6,9,"Scale_7",40.4561500549316
438,"InitialPointBurn",1,15,6,9,"Scale_8",13.5465841293335
438,"InitialPointBurn",1,15,6,9,"Scale_9",3.9619779586792
184,"InitialPointBurn",1,1,1,0,"Scale_1",10.6541547775269
184,"InitialPointBurn",1,1,1,0,"Scale_2",36.5136566162109
184,"InitialPointBurn",1,1,1,0,"Scale_3",69.3318023681641
184,"InitialPointBurn",1,1,1,0,"Scale_4",46.682186126709
184,"InitialPointBurn",1,1,1,0,"Scale_5",62.4951591491699
184,"InitialPointBurn",1,1,1,0,"Scale_6",48.2931632995605
184,"InitialPointBurn",1,1,1,0,"Scale_7",20.2818202972412
184,"InitialPointBurn",1,1,1,0,"Scale_8",6.48989200592041
184,"InitialPointBurn",1,1,1,0,"Scale_9",1.92819380760193
248,"InitialPointBurn",1,1,1,0,"Scale_1",114.896492004395
248,"InitialPointBurn",1,1,1,0,"Scale_2",680.363525390625
248,"InitialPointBurn",1,1,1,0,"Scale_3",732.356689453125
248,"InitialPointBurn",1,1,1,0,"Scale_4",624.574096679688
248,"InitialPointBurn",1,1,1,0,"Scale_5",626.116394042969
248,"InitialPointBurn",1,1,1,0,"Scale_6",246.783386230469
248,"InitialPointBurn",1,1,1,0,"Scale_7",93.302619934082
248,"InitialPointBurn",1,1,1,0,"Scale_8",30.7916812896729
248,"InitialPointBurn",1,1,1,0,"Scale_9",10.5435523986816
124,"InitialPointBurn",1,20,12,8,"Scale_1",1336.26867675781
124,"InitialPointBurn",1,20,12,8,"Scale_2",338.040954589844
124,"InitialPointBurn",1,20,12,8,"Scale_3",662.866577148438
124,"InitialPointBurn",1,20,12,8,"Scale_4",452.197814941406
124,"InitialPointBurn",1,20,12,8,"Scale_5",499.428161621094
124,"InitialPointBurn",1,20,12,8,"Scale_6",238.562210083008
124,"InitialPointBurn",1,20,12,8,"Scale_7",79.4087753295898
124,"InitialPointBurn",1,20,12,8,"Scale_8",24.4599475860596
124,"InitialPointBurn",1,20,12,8,"Scale_9",7.28114223480225
28,"InitialPointBurn",1,0,0,0,"Scale_1",98.6249389648438
28,"InitialPointBurn",1,0,0,0,"Scale_2",225.019790649414
28,"InitialPointBurn",1,0,0,0,"Scale_3",110.174667358398
28,"InitialPointBurn",1,0,0,0,"Scale_4",157.429565429688
28,"InitialPointBurn",1,0,0,0,"Scale_5",162.799926757812
28,"InitialPointBurn",1,0,0,0,"Scale_6",77.8114852905273
28,"InitialPointBurn",1,0,0,0,"Scale_7",29.5854721069336
28,"InitialPointBurn",1,0,0,0,"Scale_8",8.65336799621582
28,"InitialPointBurn",1,0,0,0,"Scale_9",2.5163905620575
485,"InitialPointBurn",0,126,24,102,"Scale_1",1441.77856445312
485,"InitialPointBurn",0,126,24,102,"Scale_2",3382.884765625
485,"InitialPointBurn",0,126,24,102,"Scale_3",7656.41748046875
485,"InitialPointBurn",0,126,24,102,"Scale_4",6076.84423828125
485,"InitialPointBurn",0,126,24,102,"Scale_5",3701.87744140625
485,"InitialPointBurn",0,126,24,102,"Scale_6",1730.29235839844
485,"InitialPointBurn",0,126,24,102,"Scale_7",714.2080078125
485,"InitialPointBurn",0,126,24,102,"Scale_8",287.029937744141
485,"InitialPointBurn",0,126,24,102,"Scale_9",143.853851318359
273,"InitialPointBurn",1,0,0,0,"Scale_1",100.426208496094
273,"InitialPointBurn",1,0,0,0,"Scale_2",19.1460971832275
273,"InitialPointBurn",1,0,0,0,"Scale_3",23.5536613464355
273,"InitialPointBurn",1,0,0,0,"Scale_4",36.200756072998
273,"InitialPointBurn",1,0,0,0,"Scale_5",54.5025291442871
273,"InitialPointBurn",1,0,0,0,"Scale_6",34.7297554016113
273,"InitialPointBurn",1,0,0,0,"Scale_7",14.2784099578857
273,"InitialPointBurn",1,0,0,0,"Scale_8",4.42079782485962
273,"InitialPointBurn",1,0,0,0,"Scale_9",1.32029366493225
137,"InitialPointBurn",1,13,4,9,"Scale_1",649.270751953125
137,"InitialPointBurn",1,13,4,9,"Scale_2",1437.40002441406
137,"InitialPointBurn",1,13,4,9,"Scale_3",1632.99328613281
137,"InitialPointBurn",1,13,4,9,"Scale_4",990.484436035156
137,"InitialPointBurn",1,13,4,9,"Scale_5",492.064849853516
137,"InitialPointBurn",1,13,4,9,"Scale_6",183.701599121094
137,"InitialPointBurn",1,13,4,9,"Scale_7",69.9395217895508
137,"InitialPointBurn",1,13,4,9,"Scale_8",22.3719730377197
137,"InitialPointBurn",1,13,4,9,"Scale_9",6.46006345748901
380,"InitialPointBurn",1,214,13,201,"Scale_1",2048.78344726562
380,"InitialPointBurn",1,214,13,201,"Scale_2",3073.85815429688
380,"InitialPointBurn",1,214,13,201,"Scale_3",4498.6337890625
380,"InitialPointBurn",1,214,13,201,"Scale_4",4159.599609375
380,"InitialPointBurn",1,214,13,201,"Scale_5",1945.22143554688
380,"InitialPointBurn",1,214,13,201,"Scale_6",881.561340332031
380,"InitialPointBurn",1,214,13,201,"Scale_7",313.864410400391
380,"InitialPointBurn",1,214,13,201,"Scale_8",103.980346679688
380,"InitialPointBurn",1,214,13,201,"Scale_9",38.7531471252441
13,"InitialPointBurn",1,113,25,88,"Scale_1",294.34375
13,"InitialPointBurn",1,113,25,88,"Scale_2",595.683410644531
13,"InitialPointBurn",1,113,25,88,"Scale_3",1201.22741699219
13,"InitialPointBurn",1,113,25,88,"Scale_4",1252.5078125
13,"InitialPointBurn",1,113,25,88,"Scale_5",1305.55859375
13,"InitialPointBurn",1,113,25,88,"Scale_6",524.75927734375
13,"InitialPointBurn",1,113,25,88,"Scale_7",198.776306152344
13,"InitialPointBurn",1,113,25,88,"Scale_8",62.5787582397461
13,"InitialPointBurn",1,113,25,88,"Scale_9",22.5179176330566
63,"InitialPointBurn",1,275,26,249,"Scale_1",1446.76220703125
63,"InitialPointBurn",1,275,26,249,"Scale_2",246.099716186523
63,"InitialPointBurn",1,275,26,249,"Scale_3",399.176971435547
63,"InitialPointBurn",1,275,26,249,"Scale_4",779.917053222656
63,"InitialPointBurn",1,275,26,249,"Scale_5",422.733673095703
63,"InitialPointBurn",1,275,26,249,"Scale_6",293.112945556641
63,"InitialPointBurn",1,275,26,249,"Scale_7",116.068069458008
63,"InitialPointBurn",1,275,26,249,"Scale_8",35.3952789306641
63,"InitialPointBurn",1,275,26,249,"Scale_9",11.2438220977783
233,"InitialPointBurn",1,128,10,118,"Scale_1",686.968200683594
233,"InitialPointBurn",1,128,10,118,"Scale_2",1035.31628417969
233,"InitialPointBurn",1,128,10,118,"Scale_3",966.848327636719
233,"InitialPointBurn",1,128,10,118,"Scale_4",558.379577636719
233,"InitialPointBurn",1,128,10,118,"Scale_5",496.636169433594
233,"InitialPointBurn",1,128,10,118,"Scale_6",271.547302246094
233,"InitialPointBurn",1,128,10,118,"Scale_7",99.2254180908203
233,"InitialPointBurn",1,128,10,118,"Scale_8",32.7056694030762
233,"InitialPointBurn",1,128,10,118,"Scale_9",10.0301628112793
361,"InitialPointBurn",1,0,0,0,"Scale_1",28.1088027954102
361,"InitialPointBurn",1,0,0,0,"Scale_2",31.2045116424561
361,"InitialPointBurn",1,0,0,0,"Scale_3",94.3644638061523
361,"InitialPointBurn",1,0,0,0,"Scale_4",113.010795593262
361,"InitialPointBurn",1,0,0,0,"Scale_5",86.5421142578125
361,"InitialPointBurn",1,0,0,0,"Scale_6",45.8049240112305
361,"InitialPointBurn",1,0,0,0,"Scale_7",18.8425235748291
361,"InitialPointBurn",1,0,0,0,"Scale_8",5.63098669052124
361,"InitialPointBurn",1,0,0,0,"Scale_9",1.69653868675232
224,"InitialPointBurn",1,66,28,38,"Scale_1",339.647674560547
224,"InitialPointBurn",1,66,28,38,"Scale_2",1930.28430175781
224,"InitialPointBurn",1,66,28,38,"Scale_3",2600.4931640625
224,"InitialPointBurn",1,66,28,38,"Scale_4",1464.66931152344
224,"InitialPointBurn",1,66,28,38,"Scale_5",915.575317382812
224,"InitialPointBurn",1,66,28,38,"Scale_6",446.935180664062
224,"InitialPointBurn",1,66,28,38,"Scale_7",148.584030151367
224,"InitialPointBurn",1,66,28,38,"Scale_8",46.948844909668
224,"InitialPointBurn",1,66,28,38,"Scale_9",15.4519557952881
291,"InitialPointBurn",1,0,0,0,"Scale_1",6.6979513168335
291,"InitialPointBurn",1,0,0,0,"Scale_2",23.7547912597656
291,"InitialPointBurn",1,0,0,0,"Scale_3",38.7397384643555
291,"InitialPointBurn",1,0,0,0,"Scale_4",66.9528884887695
291,"InitialPointBurn",1,0,0,0,"Scale_5",87.1157760620117
291,"InitialPointBurn",1,0,0,0,"Scale_6",57.193733215332
291,"InitialPointBurn",1,0,0,0,"Scale_7",23.945161819458
291,"InitialPointBurn",1,0,0,0,"Scale_8",7.60468626022339
291,"InitialPointBurn",1,0,0,0,"Scale_9",2.26344585418701
173,"InitialPointBurn",0,130,26,104,"Scale_1",2669.8876953125
173,"InitialPointBurn",0,130,26,104,"Scale_2",9030.9375
173,"InitialPointBurn",0,130,26,104,"Scale_3",6611.4501953125
173,"InitialPointBurn",0,130,26,104,"Scale_4",4654.2998046875
173,"InitialPointBurn",0,130,26,104,"Scale_5",3413.93334960938
173,"InitialPointBurn",0,130,26,104,"Scale_6",1420.76318359375
173,"InitialPointBurn",0,130,26,104,"Scale_7",533.773376464844
173,"InitialPointBurn",0,130,26,104,"Scale_8",207.567138671875
173,"InitialPointBurn",0,130,26,104,"Scale_9",92.0571594238281
424,"InitialPointBurn",0,38,38,0,"Scale_1",2902.40380859375
424,"InitialPointBurn",0,38,38,0,"Scale_2",4635.65087890625
424,"InitialPointBurn",0,38,38,0,"Scale_3",10860.2412109375
424,"InitialPointBurn",0,38,38,0,"Scale_4",13971.4375
424,"InitialPointBurn",0,38,38,0,"Scale_5",7563.25537109375
424,"InitialPointBurn",0,38,38,0,"Scale_6",3909.36059570312
424,"InitialPointBurn",0,38,38,0,"Scale_7",1637.97888183594
424,"InitialPointBurn",0,38,38,0,"Scale_8",726.462951660156
424,"InitialPointBurn",0,38,38,0,"Scale_9",380.209503173828
294,"InitialPointBurn",1,20,11,9,"Scale_1",6.2024507522583
294,"InitialPointBurn",1,20,11,9,"Scale_2",24.0051288604736
294,"InitialPointBurn",1,20,11,9,"Scale_3",68.1899719238281
294,"InitialPointBurn",1,20,11,9,"Scale_4",154.550552368164
294,"InitialPointBurn",1,20,11,9,"Scale_5",199.638854980469
294,"InitialPointBurn",1,20,11,9,"Scale_6",110.779937744141
294,"InitialPointBurn",1,20,11,9,"Scale_7",41.4563941955566
294,"InitialPointBurn",1,20,11,9,"Scale_8",12.5301179885864
294,"InitialPointBurn",1,20,11,9,"Scale_9",3.62164402008057
400,"InitialPointBurn",0,130,18,112,"Scale_1",711.151000976562
400,"InitialPointBurn",0,130,18,112,"Scale_2",16266.4833984375
400,"InitialPointBurn",0,130,18,112,"Scale_3",7912.19873046875
400,"InitialPointBurn",0,130,18,112,"Scale_4",8300.7119140625
400,"InitialPointBurn",0,130,18,112,"Scale_5",3730.20239257812
400,"InitialPointBurn",0,130,18,112,"Scale_6",1683.2646484375
400,"InitialPointBurn",0,130,18,112,"Scale_7",621.8056640625
400,"InitialPointBurn",0,130,18,112,"Scale_8",213.171493530273
400,"InitialPointBurn",0,130,18,112,"Scale_9",91.754524230957
298,"InitialPointBurn",1,0,0,0,"Scale_1",1.6763368844986
298,"InitialPointBurn",1,0,0,0,"Scale_2",2.74957156181335
298,"InitialPointBurn",1,0,0,0,"Scale_3",4.89213705062866
298,"InitialPointBurn",1,0,0,0,"Scale_4",13.3998394012451
298,"InitialPointBurn",1,0,0,0,"Scale_5",20.0084743499756
298,"InitialPointBurn",1,0,0,0,"Scale_6",18.5389976501465
298,"InitialPointBurn",1,0,0,0,"Scale_7",8.62537384033203
298,"InitialPointBurn",1,0,0,0,"Scale_8",2.75204110145569
298,"InitialPointBurn",1,0,0,0,"Scale_9",0.829223871231079
430,"InitialPointBurn",0,101,24,77,"Scale_1",1024.07604980469
430,"InitialPointBurn",0,101,24,77,"Scale_2",8446.5654296875
430,"InitialPointBurn",0,101,24,77,"Scale_3",6632.751953125
430,"InitialPointBurn",0,101,24,77,"Scale_4",7334.2177734375
430,"InitialPointBurn",0,101,24,77,"Scale_5",5324.7705078125
430,"InitialPointBurn",0,101,24,77,"Scale_6",2377.71166992188
430,"InitialPointBurn",0,101,24,77,"Scale_7",944.561462402344
430,"InitialPointBurn",0,101,24,77,"Scale_8",333.979339599609
430,"InitialPointBurn",0,101,24,77,"Scale_9",162.967803955078
387,"InitialPointBurn",1,0,0,0,"Scale_1",11.8051948547363
387,"InitialPointBurn",1,0,0,0,"Scale_2",9.8707332611084
387,"InitialPointBurn",1,0,0,0,"Scale_3",26.004207611084
387,"InitialPointBurn",1,0,0,0,"Scale_4",37.8656005859375
387,"InitialPointBurn",1,0,0,0,"Scale_5",39.746997833252
387,"InitialPointBurn",1,0,0,0,"Scale_6",28.5302658081055
387,"InitialPointBurn",1,0,0,0,"Scale_7",11.675952911377
387,"InitialPointBurn",1,0,0,0,"Scale_8",3.61090040206909
387,"InitialPointBurn",1,0,0,0,"Scale_9",1.09325873851776
330,"InitialPointBurn",1,0,0,0,"Scale_1",33.7008666992188
330,"InitialPointBurn",1,0,0,0,"Scale_2",34.8176689147949
330,"InitialPointBurn",1,0,0,0,"Scale_3",158.728927612305
330,"InitialPointBurn",1,0,0,0,"Scale_4",186.755630493164
330,"InitialPointBurn",1,0,0,0,"Scale_5",174.282836914062
330,"InitialPointBurn",1,0,0,0,"Scale_6",86.9806213378906
330,"InitialPointBurn",1,0,0,0,"Scale_7",30.542537689209
330,"InitialPointBurn",1,0,0,0,"Scale_8",9.03277778625488
330,"InitialPointBurn",1,0,0,0,"Scale_9",2.62230658531189
23,"InitialPointBurn",1,0,0,0,"Scale_1",165.985443115234
23,"InitialPointBurn",1,0,0,0,"Scale_2",56.3084106445312
23,"InitialPointBurn",1,0,0,0,"Scale_3",116.333198547363
23,"InitialPointBurn",1,0,0,0,"Scale_4",153.982803344727
23,"InitialPointBurn",1,0,0,0,"Scale_5",216.78857421875
23,"InitialPointBurn",1,0,0,0,"Scale_6",101.429206848145
23,"InitialPointBurn",1,0,0,0,"Scale_7",35.1508712768555
23,"InitialPointBurn",1,0,0,0,"Scale_8",10.2807502746582
23,"InitialPointBurn",1,0,0,0,"Scale_9",2.94296669960022
58,"InitialPointBurn",0,34,29,5,"Scale_1",3092.92456054688
58,"InitialPointBurn",0,34,29,5,"Scale_2",5046.802734375
58,"InitialPointBurn",0,34,29,5,"Scale_3",10244.859375
58,"InitialPointBurn",0,34,29,5,"Scale_4",9818.0966796875
58,"InitialPointBurn",0,34,29,5,"Scale_5",4899.54833984375
58,"InitialPointBurn",0,34,29,5,"Scale_6",2141.63916015625
58,"InitialPointBurn",0,34,29,5,"Scale_7",840.793273925781
58,"InitialPointBurn",0,34,29,5,"Scale_8",303.498229980469
58,"InitialPointBurn",0,34,29,5,"Scale_9",132.299911499023
104,"InitialPointBurn",1,127,27,100,"Scale_1",2546.19384765625
104,"InitialPointBurn",1,127,27,100,"Scale_2",1433.03479003906
104,"InitialPointBurn",1,127,27,100,"Scale_3",3969.22631835938
104,"InitialPointBurn",1,127,27,100,"Scale_4",3635.34326171875
104,"InitialPointBurn",1,127,27,100,"Scale_5",1752.10205078125
104,"InitialPointBurn",1,127,27,100,"Scale_6",845.718994140625
104,"InitialPointBurn",1,127,27,100,"Scale_7",289.673522949219
104,"InitialPointBurn",1,127,27,100,"Scale_8",100.628326416016
104,"InitialPointBurn",1,127,27,100,"Scale_9",34.1870079040527
421,"InitialPointBurn",0,84,22,62,"Scale_1",2160.61328125
421,"InitialPointBurn",0,84,22,62,"Scale_2",7644.4990234375
421,"InitialPointBurn",0,84,22,62,"Scale_3",12195.705078125
421,"InitialPointBurn",0,84,22,62,"Scale_4",9633.5888671875
421,"InitialPointBurn",0,84,22,62,"Scale_5",5528.79541015625
421,"InitialPointBurn",0,84,22,62,"Scale_6",2445.23657226562
421,"InitialPointBurn",0,84,22,62,"Scale_7",1070.59448242188
421,"InitialPointBurn",0,84,22,62,"Scale_8",442.217987060547
421,"InitialPointBurn",0,84,22,62,"Scale_9",247.69970703125
252,"InitialPointBurn",0,62,44,18,"Scale_1",2505.12866210938
252,"InitialPointBurn",0,62,44,18,"Scale_2",8135.30419921875
252,"InitialPointBurn",0,62,44,18,"Scale_3",11747.0068359375
252,"InitialPointBurn",0,62,44,18,"Scale_4",12585.9638671875
252,"InitialPointBurn",0,62,44,18,"Scale_5",8663.515625
252,"InitialPointBurn",0,62,44,18,"Scale_6",4707.22216796875
252,"InitialPointBurn",0,62,44,18,"Scale_7",1932.33288574219
252,"InitialPointBurn",0,62,44,18,"Scale_8",848.052551269531
252,"InitialPointBurn",0,62,44,18,"Scale_9",455.725463867188
384,"InitialPointBurn",1,121,11,110,"Scale_1",488.523315429688
384,"InitialPointBurn",1,121,11,110,"Scale_2",1393.70495605469
384,"InitialPointBurn",1,121,11,110,"Scale_3",3814.77880859375
384,"InitialPointBurn",1,121,11,110,"Scale_4",1384.15686035156
384,"InitialPointBurn",1,121,11,110,"Scale_5",1375.15563964844
384,"InitialPointBurn",1,121,11,110,"Scale_6",675.666381835938
384,"InitialPointBurn",1,121,11,110,"Scale_7",258.146759033203
384,"InitialPointBurn",1,121,11,110,"Scale_8",87.6012191772461
384,"InitialPointBurn",1,121,11,110,"Scale_9",41.8878173828125
490,"InitialPointBurn",1,362,26,336,"Scale_1",2449.34741210938
490,"InitialPointBurn",1,362,26,336,"Scale_2",3198.74853515625
490,"InitialPointBurn",1,362,26,336,"Scale_3",14212.56640625
490,"InitialPointBurn",1,362,26,336,"Scale_4",4978.03759765625
490,"InitialPointBurn",1,362,26,336,"Scale_5",2962.86010742188
490,"InitialPointBurn",1,362,26,336,"Scale_6",1144.30297851562
490,"InitialPointBurn",1,362,26,336,"Scale_7",471.184997558594
490,"InitialPointBurn",1,362,26,336,"Scale_8",177.651412963867
490,"InitialPointBurn",1,362,26,336,"Scale_9",79.2342376708984
80,"InitialPointBurn",1,14,11,3,"Scale_1",304.846496582031
80,"InitialPointBurn",1,14,11,3,"Scale_2",661.649597167969
80,"InitialPointBurn",1,14,11,3,"Scale_3",1293.98254394531
80,"InitialPointBurn",1,14,11,3,"Scale_4",1866.28723144531
80,"InitialPointBurn",1,14,11,3,"Scale_5",1050.06127929688
80,"InitialPointBurn",1,14,11,3,"Scale_6",514.460510253906
80,"InitialPointBurn",1,14,11,3,"Scale_7",164.668273925781
80,"InitialPointBurn",1,14,11,3,"Scale_8",56.1067848205566
80,"InitialPointBurn",1,14,11,3,"Scale_9",17.950138092041
3,"InitialPointBurn",0,34,33,1,"Scale_1",2150.71459960938
3,"InitialPointBurn",0,34,33,1,"Scale_2",4729.4931640625
3,"InitialPointBurn",0,34,33,1,"Scale_3",15505.9169921875
3,"InitialPointBurn",0,34,33,1,"Scale_4",10000.748046875
3,"InitialPointBurn",0,34,33,1,"Scale_5",6386.32861328125
3,"InitialPointBurn",0,34,33,1,"Scale_6",2905.79565429688
3,"InitialPointBurn",0,34,33,1,"Scale_7",1255.82604980469
3,"InitialPointBurn",0,34,33,1,"Scale_8",486.069396972656
3,"InitialPointBurn",0,34,33,1,"Scale_9",239.311965942383
340,"InitialPointBurn",0,112,15,97,"Scale_1",4970.107421875
340,"InitialPointBurn",0,112,15,97,"Scale_2",6667.07275390625
340,"InitialPointBurn",0,112,15,97,"Scale_3",18453.44921875
340,"InitialPointBurn",0,112,15,97,"Scale_4",12848.2919921875
340,"InitialPointBurn",0,112,15,97,"Scale_5",7219.251953125
340,"InitialPointBurn",0,112,15,97,"Scale_6",3799.28393554688
340,"InitialPointBurn",0,112,15,97,"Scale_7",1697.74731445312
340,"InitialPointBurn",0,112,15,97,"Scale_8",698.667846679688
340,"InitialPointBurn",0,112,15,97,"Scale_9",385.411224365234
19,"InitialPointBurn",1,95,33,62,"Scale_1",426.437133789062
19,"InitialPointBurn",1,95,33,62,"Scale_2",1464.8935546875
19,"InitialPointBurn",1,95,33,62,"Scale_3",3993.08715820312
19,"InitialPointBurn",1,95,33,62,"Scale_4",2554.4150390625
19,"InitialPointBurn",1,95,33,62,"Scale_5",2217.68334960938
19,"InitialPointBurn",1,95,33,62,"Scale_6",940.653015136719
19,"InitialPointBurn",1,95,33,62,"Scale_7",318.206024169922
19,"InitialPointBurn",1,95,33,62,"Scale_8",107.339538574219
19,"InitialPointBurn",1,95,33,62,"Scale_9",33.2230949401855
503,"InitialPointBurn",1,0,0,0,"Scale_1",16.3202877044678
503,"InitialPointBurn",1,0,0,0,"Scale_2",3.1039080619812
503,"InitialPointBurn",1,0,0,0,"Scale_3",8.39078330993652
503,"InitialPointBurn",1,0,0,0,"Scale_4",10.2728843688965
503,"InitialPointBurn",1,0,0,0,"Scale_5",18.0647983551025
503,"InitialPointBurn",1,0,0,0,"Scale_6",15.0005683898926
503,"InitialPointBurn",1,0,0,0,"Scale_7",7.11958026885986
503,"InitialPointBurn",1,0,0,0,"Scale_8",2.20198678970337
503,"InitialPointBurn",1,0,0,0,"Scale_9",0.680814266204834
345,"InitialPointBurn",1,47,24,23,"Scale_1",1013.94915771484
345,"InitialPointBurn",1,47,24,23,"Scale_2",4138.61083984375
345,"InitialPointBurn",1,47,24,23,"Scale_3",7982.3154296875
345,"InitialPointBurn",1,47,24,23,"Scale_4",6014.93896484375
345,"InitialPointBurn",1,47,24,23,"Scale_5",4204.64794921875
345,"InitialPointBurn",1,47,24,23,"Scale_6",1718.4306640625
345,"InitialPointBurn",1,47,24,23,"Scale_7",615.65234375
345,"InitialPointBurn",1,47,24,23,"Scale_8",226.222076416016
345,"InitialPointBurn",1,47,24,23,"Scale_9",99.9331893920898
112,"InitialPointBurn",0,68,65,3,"Scale_1",1068.04528808594
112,"InitialPointBurn",0,68,65,3,"Scale_2",2162.73999023438
112,"InitialPointBurn",0,68,65,3,"Scale_3",7490.3896484375
112,"InitialPointBurn",0,68,65,3,"Scale_4",8875.029296875
112,"InitialPointBurn",0,68,65,3,"Scale_5",6726.09033203125
112,"InitialPointBurn",0,68,65,3,"Scale_6",2818.19311523438
112,"InitialPointBurn",0,68,65,3,"Scale_7",1185.2490234375
112,"InitialPointBurn",0,68,65,3,"Scale_8",472.938873291016
112,"InitialPointBurn",0,68,65,3,"Scale_9",211.385620117188
285,"InitialPointBurn",0,45,36,9,"Scale_1",910.460083007812
285,"InitialPointBurn",0,45,36,9,"Scale_2",7987.89697265625
285,"InitialPointBurn",0,45,36,9,"Scale_3",9036.9111328125
285,"InitialPointBurn",0,45,36,9,"Scale_4",13429.2890625
285,"InitialPointBurn",0,45,36,9,"Scale_5",8282.1123046875
285,"InitialPointBurn",0,45,36,9,"Scale_6",4102.43701171875
285,"InitialPointBurn",0,45,36,9,"Scale_7",1695.02124023438
285,"InitialPointBurn",0,45,36,9,"Scale_8",742.424499511719
285,"InitialPointBurn",0,45,36,9,"Scale_9",417.073913574219
336,"InitialPointBurn",1,2,1,1,"Scale_1",43.9063873291016
336,"InitialPointBurn",1,2,1,1,"Scale_2",356.54150390625
336,"InitialPointBurn",1,2,1,1,"Scale_3",383.290802001953
336,"InitialPointBurn",1,2,1,1,"Scale_4",502.908447265625
336,"InitialPointBurn",1,2,1,1,"Scale_5",306.407135009766
336,"InitialPointBurn",1,2,1,1,"Scale_6",157.620971679688
336,"InitialPointBurn",1,2,1,1,"Scale_7",54.4612579345703
336,"InitialPointBurn",1,2,1,1,"Scale_8",15.6043682098389
336,"InitialPointBurn",1,2,1,1,"Scale_9",4.53787708282471
167,"InitialPointBurn",1,11,9,2,"Scale_1",223.191787719727
167,"InitialPointBurn",1,11,9,2,"Scale_2",203.639434814453
167,"InitialPointBurn",1,11,9,2,"Scale_3",545.254455566406
167,"InitialPointBurn",1,11,9,2,"Scale_4",718.210510253906
167,"InitialPointBurn",1,11,9,2,"Scale_5",455.827270507812
167,"InitialPointBurn",1,11,9,2,"Scale_6",164.129470825195
167,"InitialPointBurn",1,11,9,2,"Scale_7",64.0843963623047
167,"InitialPointBurn",1,11,9,2,"Scale_8",20.0944175720215
167,"InitialPointBurn",1,11,9,2,"Scale_9",5.75704765319824
9,"InitialPointBurn",1,17,16,1,"Scale_1",2464.421875
9,"InitialPointBurn",1,17,16,1,"Scale_2",8857.1484375
9,"InitialPointBurn",1,17,16,1,"Scale_3",9206.951171875
9,"InitialPointBurn",1,17,16,1,"Scale_4",6113.69482421875
9,"InitialPointBurn",1,17,16,1,"Scale_5",4228.9140625
9,"InitialPointBurn",1,17,16,1,"Scale_6",1654.02282714844
9,"InitialPointBurn",1,17,16,1,"Scale_7",596.364013671875
9,"InitialPointBurn",1,17,16,1,"Scale_8",210.889038085938
9,"InitialPointBurn",1,17,16,1,"Scale_9",88.190185546875
154,"InitialPointBurn",1,6,4,2,"Scale_1",43.3353042602539
154,"InitialPointBurn",1,6,4,2,"Scale_2",54.2966575622559
154,"InitialPointBurn",1,6,4,2,"Scale_3",139.633361816406
154,"InitialPointBurn",1,6,4,2,"Scale_4",378.834594726562
154,"InitialPointBurn",1,6,4,2,"Scale_5",301.119598388672
154,"InitialPointBurn",1,6,4,2,"Scale_6",121.736595153809
154,"InitialPointBurn",1,6,4,2,"Scale_7",44.9516944885254
154,"InitialPointBurn",1,6,4,2,"Scale_8",14.1913604736328
154,"InitialPointBurn",1,6,4,2,"Scale_9",4.0467414855957
99,"InitialPointBurn",1,87,32,55,"Scale_1",4013.0986328125
99,"InitialPointBurn",1,87,32,55,"Scale_2",2868.24096679688
99,"InitialPointBurn",1,87,32,55,"Scale_3",3722.91064453125
99,"InitialPointBurn",1,87,32,55,"Scale_4",3602.48974609375
99,"InitialPointBurn",1,87,32,55,"Scale_5",2060.60302734375
99,"InitialPointBurn",1,87,32,55,"Scale_6",1016.38372802734
99,"InitialPointBurn",1,87,32,55,"Scale_7",344.471405029297
99,"InitialPointBurn",1,87,32,55,"Scale_8",111.438949584961
99,"InitialPointBurn",1,87,32,55,"Scale_9",40.9358139038086
117,"InitialPointBurn",1,217,14,203,"Scale_1",1239.45751953125
117,"InitialPointBurn",1,217,14,203,"Scale_2",5151.82861328125
117,"InitialPointBurn",1,217,14,203,"Scale_3",6547.7880859375
117,"InitialPointBurn",1,217,14,203,"Scale_4",5065.2177734375
117,"InitialPointBurn",1,217,14,203,"Scale_5",2927.84985351562
117,"InitialPointBurn",1,217,14,203,"Scale_6",1615.05590820312
117,"InitialPointBurn",1,217,14,203,"Scale_7",612.419799804688
117,"InitialPointBurn",1,217,14,203,"Scale_8",229.33137512207
117,"InitialPointBurn",1,217,14,203,"Scale_9",110.877708435059
448,"InitialPointBurn",1,0,0,0,"Scale_1",12.0785722732544
448,"InitialPointBurn",1,0,0,0,"Scale_2",12.452446937561
448,"InitialPointBurn",1,0,0,0,"Scale_3",37.2601928710938
448,"InitialPointBurn",1,0,0,0,"Scale_4",48.3253746032715
448,"InitialPointBurn",1,0,0,0,"Scale_5",47.6826362609863
448,"InitialPointBurn",1,0,0,0,"Scale_6",35.5031814575195
448,"InitialPointBurn",1,0,0,0,"Scale_7",13.8120727539062
448,"InitialPointBurn",1,0,0,0,"Scale_8",4.22429513931274
448,"InitialPointBurn",1,0,0,0,"Scale_9",1.29858481884003
178,"InitialPointBurn",1,92,13,79,"Scale_1",101.280952453613
178,"InitialPointBurn",1,92,13,79,"Scale_2",431.5078125
178,"InitialPointBurn",1,92,13,79,"Scale_3",1274.68872070312
178,"InitialPointBurn",1,92,13,79,"Scale_4",1273.78784179688
178,"InitialPointBurn",1,92,13,79,"Scale_5",894.954040527344
178,"InitialPointBurn",1,92,13,79,"Scale_6",410.433807373047
178,"InitialPointBurn",1,92,13,79,"Scale_7",154.69758605957
178,"InitialPointBurn",1,92,13,79,"Scale_8",48.443244934082
178,"InitialPointBurn",1,92,13,79,"Scale_9",17.7292594909668
498,"InitialPointBurn",1,0,0,0,"Scale_1",2.35125875473022
498,"InitialPointBurn",1,0,0,0,"Scale_2",1.05229294300079
498,"InitialPointBurn",1,0,0,0,"Scale_3",8.61546230316162
498,"InitialPointBurn",1,0,0,0,"Scale_4",8.36834621429443
498,"InitialPointBurn",1,0,0,0,"Scale_5",14.8097858428955
498,"InitialPointBurn",1,0,0,0,"Scale_6",12.126522064209
498,"InitialPointBurn",1,0,0,0,"Scale_7",5.77661418914795
498,"InitialPointBurn",1,0,0,0,"Scale_8",1.80118465423584
498,"InitialPointBurn",1,0,0,0,"Scale_9",0.565374255180359
88,"InitialPointBurn",1,47,18,29,"Scale_1",8054.78173828125
88,"InitialPointBurn",1,47,18,29,"Scale_2",2655.59057617188
88,"InitialPointBurn",1,47,18,29,"Scale_3",5281.25537109375
88,"InitialPointBurn",1,47,18,29,"Scale_4",3244.5517578125
88,"InitialPointBurn",1,47,18,29,"Scale_5",1711.98400878906
88,"InitialPointBurn",1,47,18,29,"Scale_6",705.150451660156
88,"InitialPointBurn",1,47,18,29,"Scale_7",267.316589355469
88,"InitialPointBurn",1,47,18,29,"Scale_8",89.5850143432617
88,"InitialPointBurn",1,47,18,29,"Scale_9",28.6550540924072
480,"InitialPointBurn",0,131,19,112,"Scale_1",3389.07299804688
480,"InitialPointBurn",0,131,19,112,"Scale_2",3331.2333984375
480,"InitialPointBurn",0,131,19,112,"Scale_3",14376.3505859375
480,"InitialPointBurn",0,131,19,112,"Scale_4",10470.9248046875
480,"InitialPointBurn",0,131,19,112,"Scale_5",5287.61328125
480,"InitialPointBurn",0,131,19,112,"Scale_6",2891.833984375
480,"InitialPointBurn",0,131,19,112,"Scale_7",1139.07202148438
480,"InitialPointBurn",0,131,19,112,"Scale_8",483.387512207031
480,"InitialPointBurn",0,131,19,112,"Scale_9",251.740371704102
